Question ID,Category,Question Text,Media Type,Media URL,Filename
02d3Midv3R9mfos8aFQG,Unknown,من غنى هذه الأغنية؟,audio,https://drcqcbq3desis.cloudfront.net/audio/q59.mp3,q59.mp3
0EUX8oSCXmmWqpFg7tSa,Unknown,خمن اسم الفيلم من المشهد؟,audio,https://drcqcbq3desis.cloudfront.net/audio/v4.mp4,v4.mp4
0Iy2fiD90J0Z3tDI78Dx,Unknown,من أي فيلم هذا المشهد ؟,video,https://drcqcbq3desis.cloudfront.net/video/q90.mp4,q90.mp4
0JohDuF4GF3dxn52F3To,Unknown,خمن اسم المسلسل من المقطع؟,video,https://drcqcbq3desis.cloudfront.net/video/v77.mp4,v77.mp4
0LkrOoBl28z2UIjLDl8U,Unknown,من غنى هذه الأغنية من موسيقى البداية؟,audio,https://drcqcbq3desis.cloudfront.net/audio/q63.mp3,q63.mp3
0QQuVS3imvnBvCoH5oK4,Unknown,ما اسم هذه الأغنية؟,audio,https://drcqcbq3desis.cloudfront.net/audio/q57.mp3,q57.mp3
0QsSoHbY18i0a1n7P2Zi,Unknown,في أي أنمي يظهر هذا المشهد؟,video,https://drcqcbq3desis.cloudfront.net/video/ani_qv13.mp4,ani_qv13.mp4
0TAyPFXzWSZYcDoYeEnH,Unknown,ماذا يحدث بعد هذا المشهد من فيلم Transformers ؟,video,https://drcqcbq3desis.cloudfront.net/video/q42.webm,q42.webm
0YAZfmdM1tXXWl9o8au6,Unknown,من أي فيلم هذا المشهد ؟,video,https://drcqcbq3desis.cloudfront.net/video/q86.webm,q86.webm
0YAqTcg3WA8007X5phsl,Unknown,ما اسم هذه الأغنية؟,audio,https://drcqcbq3desis.cloudfront.net/audio/q20.mp3,q20.mp3
0nYFWjqzZKpZA5G9ZSOn,اغاني اجنبية,ما اسم هذه الأغنية؟,audio,images/songseng/In_the_End_Linkin_Park.mp3,images/songseng/In_the_End_Linkin_Park.mp3
0yDfPSfruYtvIiJugVR0,Unknown,اسم الشخصية في الفيديو؟,video,https://drcqcbq3desis.cloudfront.net/video/1759414621367_lc2mw7en7j.mp4,1759414621367_lc2mw7en7j.mp4
0zUTlDBanPePTgwc5OpG,Unknown,خمن اسم المسرحية من المقطع؟,video,https://drcqcbq3desis.cloudfront.net/video/v43.mp4,v43.mp4
12FnQGsiIfLGzsMkHT2R,Unknown,ما اسم هذه الأغنية؟,audio,https://drcqcbq3desis.cloudfront.net/audio/q16.mp3,q16.mp3
17moI8QzxcX9xSg0UFiY,Unknown,ما اسم هذه الأغنية من خلال هذا المقطع الصامت؟,video,https://drcqcbq3desis.cloudfront.net/video/q13.mp4,q13.mp4
19eXHyQ9WSHICFO6p3f1,Unknown,خمن اسم المسرحية من المقطع؟,video,https://drcqcbq3desis.cloudfront.net/video/v49.mp4,v49.mp4
1NgKmqIbHlwz9dWNQLUu,Unknown,خمن اسم المسلسل من المقطع؟,video,https://drcqcbq3desis.cloudfront.net/video/v14.mp4,v14.mp4
1SSoG4ohiNzeMhZwNoCP,Unknown,خمن اسم الفيلم من المشهد؟,audio,https://drcqcbq3desis.cloudfront.net/audio/v31.mp4,v31.mp4
1fiWLtFGBYgaYseYkN2j,Unknown,خمن اسم المسلسل من المقطع؟,video,https://drcqcbq3desis.cloudfront.net/video/v13.mp4,v13.mp4
21IBNbj8qqHcKL2LH7Z1,اغاني اجنبية,من غنى هذه الأغنية؟,audio,images/songseng/Creep_Radiohead.mp3,images/songseng/Creep_Radiohead.mp3
23myNh6Gjg7uQbYjApgi,Unknown,خمن اسم المسلسل من المقطع؟,video,https://drcqcbq3desis.cloudfront.net/video/v61.mp4,v61.mp4
298Ta5S977QI09F7qvRD,Unknown,ما اسم هذا الوحش؟,audio,/images/questions/residentevil/audio/re_oq6.mp3.mp3,/images/questions/residentevil/audio/re_oq6.mp3.mp3
2INwxrs1Z9ikmePSRh5f,Unknown,ما اسم هذه الأغنية من لحن البداية؟,audio,https://drcqcbq3desis.cloudfront.net/audio/q62.mp3,q62.mp3
2QNLk5NDkR2aRS4FPQe0,Unknown,من قال هذه الجملة الشهيرة المرتبطة بالميمز؟,audio,/images/questions/residentevil/audio/re_oq2.mp3.mp3,/images/questions/residentevil/audio/re_oq2.mp3.mp3
2ZFltvUKU32hRrPmgkBz,Unknown,خمن اسم المسرحية من المقطع؟,video,https://drcqcbq3desis.cloudfront.net/video/v42.mp4,v42.mp4
2nBhxI5htMhlnDpwnMmI,Unknown,خمن اسم المسلسل من المقطع؟,video,https://drcqcbq3desis.cloudfront.net/video/v83.mp4,v83.mp4
2qnyxcpclr6HT66XMZPX,Unknown,من غنى هذه الأغنية؟,audio,https://drcqcbq3desis.cloudfront.net/audio/q3.mp3,q3.mp3
35F2hfTpCrAYkrDUATvY,Unknown,خمن اسم المسلسل من المقطع؟,video,https://drcqcbq3desis.cloudfront.net/video/v78.mp4,v78.mp4
39ONssv0E4HGcIkWRdkn,Unknown,خمن اسم المسرحية من المقطع؟,video,https://drcqcbq3desis.cloudfront.net/video/v55.mp4,v55.mp4
3A2A6iwu8BIXXIIXcUgg,Unknown,ماذا يحدث بعد هذا  المشهد في مسلسل The Last of Us ؟,video,https://drcqcbq3desis.cloudfront.net/video/q21.mp4,q21.mp4
3ZX8icyqdCaWECQr5hYa,Unknown,من أي فيلم هذا المشهد ؟,video,https://drcqcbq3desis.cloudfront.net/video/q72.mp4,q72.mp4
3oh3DIRdd6LyM2VZbUoD,Unknown,من غنى هذه الأغنية؟,audio,"images/songseng/Another_Brick_in_the_Wall,_Pt._2_Pink_Floyd.mp3","images/songseng/Another_Brick_in_the_Wall,_Pt._2_Pink_Floyd.mp3"
41VXo7ySwCasHjCyc3OE,Unknown,خمن اسم الفيلم من المشهد؟,audio,https://drcqcbq3desis.cloudfront.net/audio/v47.mp4,v47.mp4
4l9SMivaVQk8idPOlCWi,Unknown,من غنى هذه الأغنية؟,audio,images/songseng/Believer_Imagine_Dragons.mp3,images/songseng/Believer_Imagine_Dragons.mp3
4n89vEaNCbvMPpJNjnLQ,Unknown,من أي مسلسل هذا الصوت؟,audio,https://drcqcbq3desis.cloudfront.net/audio/q32.mp3,q32.mp3
5R2vtxdEgCfcUe6v9m7x,Unknown,من غنى هذه الأغنية؟,audio,images/songseng/What_About_Us_P!nk.mp3,images/songseng/What_About_Us_P!nk.mp3
5VZfMAc6IRArFs4oBJqO,Unknown,من غنى هذه الأغنية؟,audio,images/songseng/Do_I_Wanna_Know_Arctic_Monkeys.mp3,images/songseng/Do_I_Wanna_Know_Arctic_Monkeys.mp3
5VdeMAMSC3OKiK0UpiCR,Unknown,خمن اسم الفيلم من المشهد؟,audio,https://drcqcbq3desis.cloudfront.net/audio/v13.mp4,v13.mp4
5kdSlXP4I39XvBaIBDoq,Unknown,في مسلسل Prison Break كيف يساعد مايكل أخاه على الهرب؟,video,https://drcqcbq3desis.cloudfront.net/video/q28.mp4,q28.mp4
5sbSybAO4SqFWcpQD0PZ,Unknown,خمن اسم المسرحية من المقطع؟,video,https://drcqcbq3desis.cloudfront.net/video/v59.mp4,v59.mp4
5xFCHOylrqLTQ2k5yVRh,Unknown,خمن اسم الفيلم من المشهد؟,audio,https://drcqcbq3desis.cloudfront.net/audio/v3.mp4,v3.mp4
62fRgshHpheTjoIFhcS5,Unknown,خمن اسم المسرحية من المقطع؟,video,https://drcqcbq3desis.cloudfront.net/video/v54.mp4,v54.mp4
630XZdzbRwYRMwcDYUHd,Unknown,خمن اسم الفيلم من المشهد؟,audio,https://drcqcbq3desis.cloudfront.net/audio/v16.mp4,v16.mp4
6814sGZ9nxoKsPzAhABa,Unknown,خمن اسم الفيلم من المشهد؟,audio,https://drcqcbq3desis.cloudfront.net/audio/v11.mp4,v11.mp4
6NgRjwflDhzvXoTXmOt6,Unknown,خمن اسم المسلسل من المقطع؟,video,https://drcqcbq3desis.cloudfront.net/video/v65.mp4,v65.mp4
6QiObe76oE7i7NW8eK9N,Unknown,من غنى هذه الأغنية؟,audio,images/songseng/Billie_Jean_Michael_Jackson.mp3,images/songseng/Billie_Jean_Michael_Jackson.mp3
7NZb0zvuaNc1uZLlASME,Unknown,خمن اسم المسلسل من المقطع؟,video,https://drcqcbq3desis.cloudfront.net/video/v7.mp4,v7.mp4
7O1CiMWwMeZ90zP6ai0b,Unknown,ما اسم هذه الأغنية؟,audio,images/songseng/All_of_Me_John_Legend.mp3,images/songseng/All_of_Me_John_Legend.mp3
7PPhRcyeXrwxOnIs5iI6,Unknown,من غنى هذه الأغنية؟,audio,images/songseng/Viva_La_Vida_Coldplay.mp3,images/songseng/Viva_La_Vida_Coldplay.mp3
7VbjC4nU8c7gvjZ1snjU,Unknown,خمن اسم الفيلم من المشهد؟,audio,https://drcqcbq3desis.cloudfront.net/audio/v61.mp4,v61.mp4
7VeDIuLpgXd1KsfoZw0t,Unknown,من أي فيلم هذا المشهد ؟,video,https://drcqcbq3desis.cloudfront.net/video/q71.webm,q71.webm
7jYI5fjMX7wgCV7TkRRh,Unknown,ما اسم هذه الأغنية؟,audio,images/songseng/I_Wanna_Dance_with_Somebody_Whitney_Houston.mp3,images/songseng/I_Wanna_Dance_with_Somebody_Whitney_Houston.mp3
82lxsGQGuTDQCCw91Xn4,Unknown,ما اسم هذه الأغنية؟,audio,images/songseng/Cigarette_Daydreams_Cage_the_Elephant.mp3,images/songseng/Cigarette_Daydreams_Cage_the_Elephant.mp3
88LuxRjzx2Keuguhvwv7,Unknown,ما اسم هذه الأغنية؟,audio,https://drcqcbq3desis.cloudfront.net/audio/q50.mp3,q50.mp3
8F5xA4Oov8IhHgXlyMDv,Unknown,ماذا حدث بعد هذا المشهد في فيلم Avengers Endgame ؟,video,https://drcqcbq3desis.cloudfront.net/video/q19.mp4,q19.mp4
8Oajr7Bj5CXbWStWaXqx,Unknown,من أي مسلسل هذا الصوت؟,audio,https://drcqcbq3desis.cloudfront.net/audio/q7.mp3,q7.mp3
8hJBWScp3OHrjW5HbsI1,Unknown,من غنى هذه الأغنية؟,audio,https://drcqcbq3desis.cloudfront.net/audio/q56.mp3,q56.mp3
8kWaz8GAuuHyy89mJ4nY,Unknown,الى اين اختفى هوبر في نهاية الموسم الثالث من Stranger Things؟,video,https://drcqcbq3desis.cloudfront.net/video/q58.mp4,q58.mp4
8pwTfxIiQNvAsY1tjyhN,Unknown,من غنى هذه الأغنية؟,audio,images/songseng/Lose_Yourself_Eminem.mp3,images/songseng/Lose_Yourself_Eminem.mp3
8scZCGP7yPsmNrgIoDIX,Unknown,ما اسم هذه الأغنية؟,audio,images/songseng/Smoke_On_The_Water_Deep_Purple.mp3,images/songseng/Smoke_On_The_Water_Deep_Purple.mp3
8wiZ8XjfUFzSQEkA70ew,Unknown,ما أسم هذه الأغنية من موسيقاها؟,audio,https://drcqcbq3desis.cloudfront.net/audio/q65.mp3,q65.mp3
8ydSWHO18KfBuOKM1r2j,Unknown,خمن اسم الفيلم من المشهد؟,audio,https://drcqcbq3desis.cloudfront.net/audio/v6.mp4,v6.mp4
93Iy1WEa7bQnM1rVJcnu,Unknown,من غنى هذه الأغنية؟,audio,images/songseng/What_You_Know_Two_Door_Cinema_Club.mp3,images/songseng/What_You_Know_Two_Door_Cinema_Club.mp3
94AN0R2PYT01VRBBsg5H,Unknown,من غنى هذه الأغنية؟,audio,https://drcqcbq3desis.cloudfront.net/audio/q7.mp3,q7.mp3
9HW1JuSvckwE71ED8x0x,Unknown,ما اسم هذه الأغنية؟,audio,https://drcqcbq3desis.cloudfront.net/audio/q22.mp3,q22.mp3
9UwtQiQeyvhuroDar0MN,Unknown,خمن اسم المسلسل من المقطع؟,video,https://drcqcbq3desis.cloudfront.net/video/v36.mp4,v36.mp4
9bBfjqS7cq5CaVrWFycw,Unknown,خمن اسم الفيلم من المشهد؟,audio,https://drcqcbq3desis.cloudfront.net/audio/v48.mp4,v48.mp4
A3zz3e96P1VrKG37LbLO,Unknown,ما أسم هذه الأغنية من موسيقاها؟,audio,https://drcqcbq3desis.cloudfront.net/audio/q74.mp3,q74.mp3
A6a0iXX1hkL0S9qmmazl,Unknown,من غنى هذه الأغنية؟,audio,images/songseng/About_You_The_1975.mp3,images/songseng/About_You_The_1975.mp3
A84KS7ZRUEgp3gUSHfaO,Unknown,خمن اسم المسلسل من المقطع؟,video,https://drcqcbq3desis.cloudfront.net/video/v38.mp4,v38.mp4
ASl41cCjYWgbfFAzkWtF,Unknown,خمن اسم الفيلم من المشهد؟,audio,https://drcqcbq3desis.cloudfront.net/audio/v1.mp4,v1.mp4
AT4aWzijaSp1JaEboVFX,Unknown,خمن اسم المسلسل من المقطع؟,video,https://drcqcbq3desis.cloudfront.net/video/v2.mp4,v2.mp4
AVsGZjE8t5rDWEVRs7fg,Unknown,خمن اسم المسرحية من المقطع؟,video,https://drcqcbq3desis.cloudfront.net/video/v47.mp4,v47.mp4
AeX5AHimq8RGrUWIaZdi,Unknown,ما اسم هذه الأغنية؟,audio,images/songseng/Moth_To_A_Flame_Swedish_House_Mafia.mp3,images/songseng/Moth_To_A_Flame_Swedish_House_Mafia.mp3
B0rsDMPeBW76KPqJDaHz,Unknown,في اي انمي هذا المشهد؟,video,https://drcqcbq3desis.cloudfront.net/video/1762419792937_d6x4m33lzau.mp4,1762419792937_d6x4m33lzau.mp4
B8iVkdPcIekBmzwRV80J,Unknown,خمن اسم الفيلم من المشهد؟,audio,https://drcqcbq3desis.cloudfront.net/audio/v46.mp4,v46.mp4
BCXEojo634TWDiXOJRxk,Unknown,خمن اسم المسلسل من المقطع؟,video,https://drcqcbq3desis.cloudfront.net/video/v33.mp4,v33.mp4
BE6vwl05sUHZc9OANa9X,Unknown,ما اسم هذه الأغنية؟,audio,https://drcqcbq3desis.cloudfront.net/audio/q78.mp3,q78.mp3
BrDlYJcxO77EfgzKvgjp,Unknown,من غنى هذه الأغنية؟,audio,images/songseng/Californication_Red_Hot_Chili_Peppers.mp3,images/songseng/Californication_Red_Hot_Chili_Peppers.mp3
BrjdpUuL7Z9KWWm1lmKw,Unknown,من أي فيلم هذا المشهد ؟,video,https://drcqcbq3desis.cloudfront.net/video/q67.mp4,q67.mp4
CDYWRyY9mFs106DOkA11,Unknown,ما اسم هذه الأغنية؟,audio,https://drcqcbq3desis.cloudfront.net/audio/q51.mp3,q51.mp3
CEzDXJP3dCo5gdNtsruS,Unknown,خمن اسم الفيلم من المشهد؟,audio,https://drcqcbq3desis.cloudfront.net/audio/v70.mp4,v70.mp4
COGOd63RHpbKCXlE5OJi,Unknown,ماذا يحدث بعد هذا المشهد من فيلم Parasite  ؟,video,https://drcqcbq3desis.cloudfront.net/video/q37.mp4,q37.mp4
CWrnUF1BajjT93ARKqfJ,Unknown,خمن اسم الفيلم من المشهد؟,audio,https://drcqcbq3desis.cloudfront.net/audio/v37.mp4,v37.mp4
CjJUB0A3EFM968IcCJ2x,Unknown,ما اسم الأغنية الظاهرة في المقطع المرئي الصامت؟,video,https://drcqcbq3desis.cloudfront.net/video/1763542859101_xndzzn1m8lg.mp4,1763542859101_xndzzn1m8lg.mp4
CjZF1cIYEwgbvU0px8XA,Unknown,من غنى هذه الأغنية؟,audio,https://drcqcbq3desis.cloudfront.net/audio/q31.mp3,q31.mp3
CqNDpZFsT97P2E5sq5lh,Unknown,من أي مسلسل هذا المشهد ؟,video,https://drcqcbq3desis.cloudfront.net/video/q60.mp4,q60.mp4
CuTaY8fAZWLqiJoKSWIj,Unknown,من غنى هذه الأغنية؟,audio,images/songseng/Everlong_Foo_Fighters.mp3,images/songseng/Everlong_Foo_Fighters.mp3
Cwg0wciIfFZCetUu9KZY,Unknown,ما اسم هذه الأغنية؟,audio,images/songseng/City_Walls_Twenty_One_Pilots.mp3,images/songseng/City_Walls_Twenty_One_Pilots.mp3
CzesZaJHiiuYRtRsgrUk,Unknown,ما اسم هذه الأغنية؟,audio,https://drcqcbq3desis.cloudfront.net/audio/q14.mp3,q14.mp3
DE9vNVnD29fXxXjQIiRt,Unknown,ما اسم هذه الأغنية؟,audio,https://drcqcbq3desis.cloudfront.net/audio/q69.mp3,q69.mp3
DIdb1ArzhMLeEdomQVGy,Unknown,من غنى هذه الأغنية؟,audio,https://drcqcbq3desis.cloudfront.net/audio/q34.mp3,q34.mp3
DOImJsDDl4HV8277IDJy,Unknown,من أي مسلسل هذا المشهد ؟,video,https://drcqcbq3desis.cloudfront.net/video/q84.mp4,q84.mp4
DlDbmZiYxXQFsnhBHcka,Unknown,خمن اسم الفيلم من المشهد؟,audio,https://drcqcbq3desis.cloudfront.net/audio/v76.mp4,v76.mp4
E3hG1njH07RZaS7t5w6t,Unknown,خمن اسم المسلسل من المقطع؟,video,https://drcqcbq3desis.cloudfront.net/video/v1.mp4,v1.mp4
EHxXnrbGnTt51vNd8ghD,Unknown,من غنى هذه الأغنية؟,audio,images/songseng/Somebody_Told_Me_The_Killers.mp3,images/songseng/Somebody_Told_Me_The_Killers.mp3
EO26vGKNEgcGWNYYiqz3,Unknown,ماذا حدث بعد هذا المشهد من مسلسل Mr. Robot  ؟,video,https://drcqcbq3desis.cloudfront.net/video/q48.mp4,q48.mp4
EQ9fWXlskl5rSYo9CJjD,Unknown,ماذا حدث بعد هذا المشهد في فيلم  Joker ؟,video,https://drcqcbq3desis.cloudfront.net/video/q23.mp4,q23.mp4
EYnWnk08GmAIOc0PY33s,Unknown,خمن اسم المسلسل من المقطع؟,video,https://drcqcbq3desis.cloudfront.net/video/v40.mp4,v40.mp4
EicnIdzbZNNSJQFz57mQ,Unknown,خمن اسم المسلسل من المقطع؟,video,https://drcqcbq3desis.cloudfront.net/video/v64.mp4,v64.mp4
EljbsLgtCWVtFKemycBZ,Unknown,خمن اسم المسلسل من المقطع؟,video,https://drcqcbq3desis.cloudfront.net/video/v15.mp4,v15.mp4
EytDs79KXjD33RVCcxI0,Unknown,خمن اسم المسرحية من المقطع؟,video,https://drcqcbq3desis.cloudfront.net/video/v89.mp4,v89.mp4
FMBGLhMdIIoLuUZrnDyM,Unknown,من قال هذه الجملة إذا ألححت عليه في اللعبة؟,audio,/images/questions/residentevil/audio/re_oq5.mp3.mp3,/images/questions/residentevil/audio/re_oq5.mp3.mp3
FUqvyDxiX9geahLInlyX,Unknown,في أي جزء من سلسلة Dark Souls يظهر هذا الفخ (Trap) الشهير لأول مرة؟,video,https://drcqcbq3desis.cloudfront.net/video/1759413120676_u57wy4ogy6.mp4,1759413120676_u57wy4ogy6.mp4
FsJvHbhYcbU4tgYIyP6n,Unknown,ما اسم هذه الأغنية؟,audio,images/songseng/Kids_MGMT.mp3,images/songseng/Kids_MGMT.mp3
FsYC7wChhIdnJGApa0Lh,Unknown,من غنى هذه الأغنية؟,audio,images/songseng/The_Dead_Dance_Lady_Gaga.mp3,images/songseng/The_Dead_Dance_Lady_Gaga.mp3
FvSOkcBvrlQDwBHn9dC6,Unknown,من أي مسلسل هذا المشهد ؟,video,https://drcqcbq3desis.cloudfront.net/video/q22.mp4,q22.mp4
FyFRO2FMkYIbCAqkw3ih,Unknown,من غنى هذه الأغنية؟,audio,https://drcqcbq3desis.cloudfront.net/audio/q1.mp3,q1.mp3
Fz6yEINL59tJS2AkXGsb,Unknown,ما اسم هذه الأغنية؟,audio,https://drcqcbq3desis.cloudfront.net/audio/q72.mp3,q72.mp3
G9iBLOpwZwXe97ytPNLw,Unknown,من غنى هذه الأغنية؟,audio,images/songseng/Rock_That_Body_Black_Eyed_Peas.mp3,images/songseng/Rock_That_Body_Black_Eyed_Peas.mp3
GISgaorL64CMqR4HxrBs,Unknown,خمن اسم المسلسل من المقطع؟,video,https://drcqcbq3desis.cloudfront.net/video/v12.mp4,v12.mp4
GPQ3yX72XgZih4TRTvPx,Unknown,من غنى هذه الأغنية؟,audio,images/songseng/Camera_Ed_Sheeran.mp3,images/songseng/Camera_Ed_Sheeran.mp3
GQQUJxdnBWzMPWQ9sCT8,Unknown,خمن اسم المسرحية من المقطع؟,video,https://drcqcbq3desis.cloudfront.net/video/v24.mp4,v24.mp4
GifN1B9dsCR6BtumyqPj,Unknown,خمن اسم المسلسل من المقطع؟,video,https://drcqcbq3desis.cloudfront.net/video/v34.mp4,v34.mp4
GrnFxyJvED3KuktGvevM,Unknown,ما اسم هذه الأغنية؟,audio,https://drcqcbq3desis.cloudfront.net/audio/q40.mp3,q40.mp3
GvQ26jfTS7yNIGihclg2,Unknown,من غنى هذه الأغنية؟,audio,https://drcqcbq3desis.cloudfront.net/audio/q6.mp3,q6.mp3
HBtC7cuprHYtNoAYe6In,Unknown,ما اسم هذه الأغنية؟,audio,images/songseng/I_Ain't_Worried_OneRepublic.mp3,images/songseng/I_Ain't_Worried_OneRepublic.mp3
HHiIbmun3jUqKRPvvA3v,Unknown,ما اسم هذه الأغنية؟,audio,https://drcqcbq3desis.cloudfront.net/audio/q80.mp3,q80.mp3
HblMqzzkf8SJcMKAU1xv,Unknown,في اي جزء هذا المشهد,video,https://drcqcbq3desis.cloudfront.net/video/1759413544089_try2ae7xycq.mp4,1759413544089_try2ae7xycq.mp4
HgYSE6WOMjPP0V4EX00a,Unknown,ما اسم هذه الأغنية؟,audio,https://drcqcbq3desis.cloudfront.net/audio/q10.mp3,q10.mp3
HjYUSXp4YH80F8msL11o,Unknown,خمن اسم الفيلم من المشهد؟,audio,https://drcqcbq3desis.cloudfront.net/audio/v43.mp4,v43.mp4
HoNeudsNlyJ3gHEtHiDN,Unknown,من أي مسلسل هذا الصوت؟,audio,https://drcqcbq3desis.cloudfront.net/audio/q74.mp3,q74.mp3
I09R9LlJ00eU7hBwYhbA,Unknown,خمن اسم المسلسل من المقطع؟,video,https://drcqcbq3desis.cloudfront.net/video/v66.mp4,v66.mp4
IELRrbbFVTmcriuy3CIE,Unknown,خمن اسم المسلسل من المقطع؟,video,https://drcqcbq3desis.cloudfront.net/video/v67.mp4,v67.mp4
IRKFopNIBYcbrGWttXoa,Unknown,من غنى هذه الأغنية؟,audio,images/songseng/Chandelier_Sia.mp3,images/songseng/Chandelier_Sia.mp3
IVjzgDE806IGOH5i46HC,Unknown,خمن اسم المسلسل من المقطع؟,video,https://drcqcbq3desis.cloudfront.net/video/v82.mp4,v82.mp4
Ia8ikhQKpH6TgL5IqOIj,Unknown,ما اسم هذه الأغنية؟,audio,https://drcqcbq3desis.cloudfront.net/audio/q67.mp3,q67.mp3
IgQXrBibbv2G3JL7Q022,Unknown,خمن اسم الفيلم من المشهد؟,audio,https://drcqcbq3desis.cloudfront.net/audio/v15.mp4,v15.mp4
J7x1d87jOpDFBZb9y6bb,Unknown,خمن اسم الفيلم من المشهد؟,audio,https://drcqcbq3desis.cloudfront.net/audio/v41.mp4,v41.mp4
J8Q1vuFYzWIdMHfGGfZt,Unknown,ما اسم هذه الأغنية؟,audio,https://drcqcbq3desis.cloudfront.net/audio/q23.mp3,q23.mp3
JBOwjd4msRygFifKkUuL,Unknown,من أي سلسلة افلام هذا الصوت؟,audio,https://drcqcbq3desis.cloudfront.net/audio/q51.mp3,q51.mp3
JQRLJruKeGPIoZKzkExT,Unknown,ما اسم هذه الأغنية؟,audio,images/songseng/I'm_Still_Standing_Elton_John.mp3,images/songseng/I'm_Still_Standing_Elton_John.mp3
JgYNz3jLMQiK5EUW39b4,Unknown,خمن اسم الفيلم من المشهد؟,audio,https://drcqcbq3desis.cloudfront.net/audio/v7.mp4,v7.mp4
JpK5jyLUOPDXALJaQdGX,Unknown,من غنى هذه الأغنية؟,audio,images/songseng/Cant_Help_Falling_In_Love_Elvis_Presley.mp3,images/songseng/Cant_Help_Falling_In_Love_Elvis_Presley.mp3
Jz7lvLnUcidX802wh6e1,Unknown,ما اسم هذه الأغنية؟,audio,images/songseng/Highway_to_Hell_ACDC.mp3,images/songseng/Highway_to_Hell_ACDC.mp3
K1IhctoZ9xSCsFirdfuA,Unknown,خمن اسم الفيلم من المشهد؟,audio,https://drcqcbq3desis.cloudfront.net/audio/v44.mp4,v44.mp4
K5hvdN8vptH1PHbWeYIt,Unknown,ما اسم هذه الأغنية؟,audio,https://drcqcbq3desis.cloudfront.net/audio/q27.mp3,q27.mp3
K7aBcIyfBlkCGGHVkDoO,Unknown,خمن اسم الفيلم من المشهد؟,audio,https://drcqcbq3desis.cloudfront.net/audio/v20.mp4,v20.mp4
KRoDdKw4zoMfXbIzIYZS,Unknown,خمن اسم المسلسل من المقطع؟,video,https://drcqcbq3desis.cloudfront.net/video/v80.mp4,v80.mp4
KVwUYwc4pzEnCl0kCgaH,Unknown,خمن اسم المسلسل من المقطع؟,video,https://drcqcbq3desis.cloudfront.net/video/v74.mp4,v74.mp4
KYeXdczQKYCxbQ4bvaIr,Unknown,من غنى هذه الأغنية؟,audio,images/songseng/Wake_Me_Up_Avicii.mp3,images/songseng/Wake_Me_Up_Avicii.mp3
KdcEOvgZmZdJ7iE1HR9b,Unknown,خمن اسم المسلسل من المقطع؟,video,https://drcqcbq3desis.cloudfront.net/video/v41.mp4,v41.mp4
KhIRJmXYVo6xUSST100G,Unknown,من أي فيلم هذا المشهد ؟,video,https://drcqcbq3desis.cloudfront.net/video/q41.webm,q41.webm
KhVvKHsq4oRy468RLIN3,Unknown,ما اسم هذه الأغنية؟,audio,https://drcqcbq3desis.cloudfront.net/audio/q52.mp3,q52.mp3
KxE8ZCwoVr0E6mFWAHzB,Unknown,من غنى هذه الأغنية؟,audio,https://drcqcbq3desis.cloudfront.net/audio/q39.mp3,q39.mp3
Kz7clgt2DBmMIZnY0nmR,Unknown,ما اسم هذه الأغنية؟,audio,images/songseng/Training_Season_Dua_Lipa.mp3,images/songseng/Training_Season_Dua_Lipa.mp3
L2gYkSxGxdC5Hhd7fzjq,Unknown,ما اسم هذه الأغنية؟,audio,https://drcqcbq3desis.cloudfront.net/audio/q45.mp3,q45.mp3
LKID6aYTYcNHMEhEvPsk,Unknown,خمن اسم المسرحية من المقطع؟,video,https://drcqcbq3desis.cloudfront.net/video/v28.mp4,v28.mp4
LxcbIzXKyRiRwpaEGoPr,Unknown,خمن اسم الفيلم من المشهد؟,audio,https://drcqcbq3desis.cloudfront.net/audio/v40.mp4,v40.mp4
MM2sVdmmGPEEETmz4Tg8,Unknown,من أي مسلسل هذا المشهد ؟,video,https://drcqcbq3desis.cloudfront.net/video/q55.mp4,q55.mp4
MON0E7Y2WVIXstMfKZmW,Unknown,ما اسم هذه الأغنية؟,audio,images/songseng/Breakin'_Dishes_Rihanna.mp3,images/songseng/Breakin'_Dishes_Rihanna.mp3
MPnGZOcouiwbEyN5UNYh,Unknown,من أي مسلسل هذا المشهد ؟,video,https://drcqcbq3desis.cloudfront.net/video/q75.mp4,q75.mp4
MTfbuyQhbCX9DeDC9zVh,Unknown,ماذا حصل بعد هذه المشهد من Avengers Endgame؟,video,https://drcqcbq3desis.cloudfront.net/video/q3.mp4,q3.mp4
Mm3MWRLAG5WCgcngEXgf,Unknown,من أي سلسلة افلام هذا الصوت؟,audio,https://drcqcbq3desis.cloudfront.net/audio/q46.mp3,q46.mp3
Mnbs8fxnKbD7VYPxVWKm,Unknown,ما اسم هذه الأغنية؟,audio,https://drcqcbq3desis.cloudfront.net/audio/q60.mp3,q60.mp3
MxYQ1hLu9iopCgYbHljY,Unknown,ما اسم هذه الأغنية؟,audio,https://drcqcbq3desis.cloudfront.net/audio/q17.mp3,q17.mp3
N41aslt1Yz3SgoKZHiOk,Unknown,من غنى هذه الأغنية؟,audio,images/songseng/Bohemian_Rhapsody_Queen.mp3,images/songseng/Bohemian_Rhapsody_Queen.mp3
NUOElfJlFRNgCV24g2mw,Unknown,من غنى هذه الأغنية؟,audio,https://drcqcbq3desis.cloudfront.net/audio/q8.mp3,q8.mp3
Nak8jK3gySxexU6E07yH,Unknown,من غنى هذه الأغنية؟,audio,https://drcqcbq3desis.cloudfront.net/audio/q4.mp3,q4.mp3
NhtfC48pzXfE8oGGrepl,Unknown,خمن اسم المسرحية من المقطع؟,video,https://drcqcbq3desis.cloudfront.net/video/v48.mp4,v48.mp4
NkFBWV88c4LZMvHe5txs,Unknown,ما اسم هذه الأغنية؟,audio,images/songseng/Die_With_A_Smile_Bruno_Mars.mp3,images/songseng/Die_With_A_Smile_Bruno_Mars.mp3
NwC9oE8bJtFomnIm2LyO,Unknown,خمن اسم المسلسل من المقطع؟,video,https://drcqcbq3desis.cloudfront.net/video/v6.mp4,v6.mp4
O7Vxk4yUSE5Gga6nXfr7,Unknown,خمن اسم المسلسل من المقطع؟,video,https://drcqcbq3desis.cloudfront.net/video/v39.mp4,v39.mp4
OIG2Mp4djOWpf9sfvZB3,Unknown,من أي مسلسل هذا المشهد ؟,video,https://drcqcbq3desis.cloudfront.net/video/q59.mp4,q59.mp4
OVDqoO5dU2ikDlMagcAN,Unknown,من أي فيلم هذا المشهد؟,video,https://drcqcbq3desis.cloudfront.net/video/q63.webm,q63.webm
ObGedfdBGFCUk7Nnqc6I,Unknown,من أي مسلسل هذا الصوت؟,audio,https://drcqcbq3desis.cloudfront.net/audio/q11.mp3,q11.mp3
OgiJBHqww0JDSSiysmMn,Unknown,من غنى هذه الأغنية من لحنها؟,audio,https://drcqcbq3desis.cloudfront.net/audio/q61.mp3,q61.mp3
OjYFTuH4G8txyPw2gmkz,Unknown,ما اسم هذا التريلر ؟,video,https://drcqcbq3desis.cloudfront.net/video/1759568172765_4i89bpu22ho.mp4,1759568172765_4i89bpu22ho.mp4
Ou8riZn5UOyOhDv95Xd6,Unknown,خمن اسم المسلسل من المقطع؟,video,https://drcqcbq3desis.cloudfront.net/video/v69.mp4,v69.mp4
OxMjaKgGvfp7WLSClBtU,Unknown,ما اسم هذه الأغنية؟,audio,images/songseng/La_Isla_Bonita_Madonna.mp3,images/songseng/La_Isla_Bonita_Madonna.mp3
P4duLcBmMur2gfWq2DjE,Unknown,من غنى هذه الأغنية؟,audio,images/songseng/Hot_N_Cold_Katy_Perry.mp3,images/songseng/Hot_N_Cold_Katy_Perry.mp3
PD364ACPHUDbZcEWdtLe,Unknown,ما اسم هذه الأغنية من موسيقاها؟,audio,https://drcqcbq3desis.cloudfront.net/audio/q87.mp3,q87.mp3
PMweW6vRXWf0mxghu1Zw,Unknown,ما اسم هذه الأغنية؟,audio,images/songseng/Centuries_Fall_Out_Boy.mp3,images/songseng/Centuries_Fall_Out_Boy.mp3
PPmkIbvYZjM76wKgAHrl,Unknown,ما اسم هذه الأغنية؟,audio,images/songseng/Moves_Like_Jagger_Maroon_5.mp3,images/songseng/Moves_Like_Jagger_Maroon_5.mp3
Q14nJ8nXTlQlKAzZutAF,Unknown,خمن اسم المسلسل من المقطع؟,video,https://drcqcbq3desis.cloudfront.net/video/v79.mp4,v79.mp4
QTdPAKaOkdGel8na551c,Unknown,ماذا حدث بعد هذا المشهد من فيلم The Flash ؟,video,https://drcqcbq3desis.cloudfront.net/video/q43.mp4,q43.mp4
QVh3NYObzKmW2ObOOfm9,Unknown,من غنى هذه الأغنية؟,audio,images/songseng/Owner_of_a_Lonely_Heart_Yes.mp3,images/songseng/Owner_of_a_Lonely_Heart_Yes.mp3
QiLyfEUZDKCowRlc4lXh,Unknown,ما اسم هذه الأغنية؟,audio,images/songseng/Dancing_Queen_ABBA.mp3,images/songseng/Dancing_Queen_ABBA.mp3
QyTbWL6Bg4fEIjucpaz5,Unknown,من غنى هذه الأغنية؟,audio,images/songseng/Timeless_The_Weeknd.mp3,images/songseng/Timeless_The_Weeknd.mp3
R32vY4BbJ4oOBtsAonRZ,Unknown,خمن اسم المسرحية من المقطع؟,video,https://drcqcbq3desis.cloudfront.net/video/v86.mp4,v86.mp4
RAUkCddcZRo4qfB8LTp4,Unknown,ما اسم هذا المسلسل؟,audio,https://drcqcbq3desis.cloudfront.net/audio/q17.mp3,q17.mp3
RHTmcY2RotWSBQeM6vDY,Unknown,خمن اسم المسرحية من المقطع؟,video,https://drcqcbq3desis.cloudfront.net/video/v45.mp4,v45.mp4
RPV4g5dLm8dFZRPuz4zO,Unknown,ماذا يحدث بعد هذا المشهد في فيلم The Amazing Spider-Man 2 ؟,video,https://drcqcbq3desis.cloudfront.net/video/q15.mp4,q15.mp4
RX0XKwonBeBTVC1v83lO,Unknown,ما الأغنية التي تُشغل في هذا المشهد من  فيلم Fight Club ؟,video,https://drcqcbq3desis.cloudfront.net/video/q8.mp4,q8.mp4
RaVgOQYoF2fz8BEkc5xK,Unknown,من أي فيلم هذا المشهد ؟,video,https://drcqcbq3desis.cloudfront.net/video/q82.webm,q82.webm
Rj9Jf5XWfnTIQ2tJNJ7b,Unknown,لماذا يسعى جون ويك للأنتقام في فيلم John Wick ؟,video,https://drcqcbq3desis.cloudfront.net/video/q56.webm,q56.webm
S0YhsfYgmAoxOITgPft1,Unknown,ما اسم هذه الأغنية؟,audio,https://drcqcbq3desis.cloudfront.net/audio/q44.mp3,q44.mp3
SLDZeyCPihjQArZP1edJ,Unknown,خمن اسم المسلسل من المقطع؟,video,https://drcqcbq3desis.cloudfront.net/video/v10.mp4,v10.mp4
SLVFfWLnFWrXdLAMpTou,Unknown,ما اسم هذه الأغنية؟,audio,https://drcqcbq3desis.cloudfront.net/audio/q47.mp3,q47.mp3
Sd4itBMOVVZgaOnR7aJT,Unknown,ما اسم هذه الأغنية؟,audio,https://drcqcbq3desis.cloudfront.net/audio/q89.mp3,q89.mp3
SefgapZhJth3UTn9Bzin,Unknown,من أي مسلسل هذا المشهد ؟,video,https://drcqcbq3desis.cloudfront.net/video/q68.mp4,q68.mp4
Sm0ng510dMSKmYC0ZTFp,Unknown,ما أسم هذه الأغنية من موسيقاها؟,audio,https://drcqcbq3desis.cloudfront.net/audio/q66.mp3,q66.mp3
Sw2WVqjxUE4VkSL1tuyK,Unknown,من أي فيلم هذا المشهد ؟,video,https://drcqcbq3desis.cloudfront.net/video/q87.mp4,q87.mp4
TFdTrHa1Or7mZdGVpZUy,Unknown,ما أسم هذه الأغنية من موسيقاها؟,audio,https://drcqcbq3desis.cloudfront.net/audio/q73.mp3,q73.mp3
TJLQBTsFAOxwymYC1bG5,Unknown,ما اسم هذه الأغنية؟,audio,https://drcqcbq3desis.cloudfront.net/audio/q70.mp3,q70.mp3
TPo7NUf76NTFpMxfx49P,Unknown,خمن اسم الفيلم من المشهد؟,audio,https://drcqcbq3desis.cloudfront.net/audio/v17.mp4,v17.mp4
TZtooMlRUk4AtysKsGez,Unknown,ما اسم هذه الأغنية؟,audio,images/songseng/Let_It_Happen_Tame_Impala.mp3,images/songseng/Let_It_Happen_Tame_Impala.mp3
U2wnln7KlSSeJPSOliDk,Unknown,من غنى هذه الأغنية؟,audio,images/songseng/Step_Vampire_Weekend.mp3,images/songseng/Step_Vampire_Weekend.mp3
UIsuM9X9GoVH4hNMjx2y,Unknown,من أي فيلم هذا المشهد ؟,video,https://drcqcbq3desis.cloudfront.net/video/q88.mp4,q88.mp4
UMWw7mAp9DUP2cCZsm6h,Unknown,ماذا يحدث بعد هذا المشهد من فيلم Mission: Impossible Fallout ؟,video,https://drcqcbq3desis.cloudfront.net/video/q29.webm,q29.webm
UZikRIVesE0KN3I8Tl5H,Unknown,ما اسم هذه الأغنية؟,audio,images/songseng/Baba_O'Riley_The_Who.mp3,images/songseng/Baba_O'Riley_The_Who.mp3
UjD8lSgHgVfErR1Ai2zi,Unknown,ما اسم هذه الأغنية؟,audio,images/songseng/Misery_Business_Paramore.mp3,images/songseng/Misery_Business_Paramore.mp3
Us6PgSGcJW2AdOVDUMVr,Unknown,خمن اسم الفيلم من المشهد؟,audio,https://drcqcbq3desis.cloudfront.net/audio/v73.mp4,v73.mp4
UsucejdE6doixOq3hcII,Unknown,خمن اسم المسلسل من المقطع؟,video,https://drcqcbq3desis.cloudfront.net/video/v62.mp4,v62.mp4
V2AIzKSxrjxdkIREvzZq,Unknown,خمن اسم الفيلم من المشهد؟,audio,https://drcqcbq3desis.cloudfront.net/audio/v67.mp4,v67.mp4
Vf4fsG3dNoaNw9skbmp6,Unknown,ما اسم هذه الأغنية؟,audio,images/songseng/Sweet_Child_O'_Mine_Guns_N'_Roses.mp3,images/songseng/Sweet_Child_O'_Mine_Guns_N'_Roses.mp3
VmIsJg3TKMNd6d1hDFil,Unknown,من قال هذه الجملة قبل مواجهة شرسة؟,audio,/images/questions/residentevil/audio/re_oq4.mp3.mp3,/images/questions/residentevil/audio/re_oq4.mp3.mp3
VpuGpn7qZrtZvpSnx2Bq,Unknown,من غنى هذه الأغنية؟,audio,images/songseng/High_Hopes_Panic!_At_The_Disco.mp3,images/songseng/High_Hopes_Panic!_At_The_Disco.mp3
W0M4tF7FjlHrTVliPOvL,Unknown,ما اسم هذه الأغنية؟,audio,https://drcqcbq3desis.cloudfront.net/audio/q88.mp3,q88.mp3
W4TfB2UnNVUyAyMB0KUA,Unknown,خمن اسم الفيلم من المشهد؟,audio,https://drcqcbq3desis.cloudfront.net/audio/v66.mp4,v66.mp4
Wf7xFCuL8PqLsz67Gfvt,Unknown,خمن اسم المسرحية من المقطع؟,video,https://drcqcbq3desis.cloudfront.net/video/v58.mp4,v58.mp4
WiWD2IUREDr3fPe8fSBY,Unknown,خمن اسم المسرحية من المقطع؟,video,https://drcqcbq3desis.cloudfront.net/video/v73.mp4,v73.mp4
Wwqos5STTjSgxeyWbsLI,Unknown,خمن اسم المسرحية من المقطع؟,video,https://drcqcbq3desis.cloudfront.net/video/v53.mp4,v53.mp4
XAoXLz2GPTQTlL91rVpm,Unknown,ماذا يحدث بعد هذا المشهد في مسلسل Severance  ؟,video,https://drcqcbq3desis.cloudfront.net/video/q36.mp4,q36.mp4
XI5XWqUDrwA5n8F6C5lc,Unknown,من أي فيلم هذا المشهد ؟,video,https://drcqcbq3desis.cloudfront.net/video/q77.mp4,q77.mp4
XgOfz57u4MZ0KrqQNIJR,Unknown,خمن اسم المسلسل من المقطع؟,video,https://drcqcbq3desis.cloudfront.net/video/v37.mp4,v37.mp4
XkRtFLmD1AwSRXybQNqT,Unknown,خمن اسم المسرحية من المقطع؟,video,https://drcqcbq3desis.cloudfront.net/video/v50.mp4,v50.mp4
XqBp8OBfAObPMyz0MA8t,Unknown,ماذا تعني الجملة الشهيرة 'Winter is Coming'؟,video,https://drcqcbq3desis.cloudfront.net/video/1759917754805_d1ooej0v95p.mp4,1759917754805_d1ooej0v95p.mp4
YIFwsoTqU4v9EtSpKFYm,Unknown,من أي مسلسل هذه الصوت؟,audio,https://drcqcbq3desis.cloudfront.net/audio/q83.mp3,q83.mp3
Yc1O918dnGTJ4HAA34IL,Unknown,من غنى هذه الأغنية؟,audio,images/songseng/I_Can't_Dance_Genesis.mp3,images/songseng/I_Can't_Dance_Genesis.mp3
YcHoacIESPDYxyZe4nrC,Unknown,خمن اسم المسرحية من المقطع؟,video,https://drcqcbq3desis.cloudfront.net/video/v44.mp4,v44.mp4
Yh1qltrSSGvPRRHzK1vH,Unknown,خمن اسم المسرحية من المقطع؟,video,https://drcqcbq3desis.cloudfront.net/video/v52.mp4,v52.mp4
ZIgVBE2tLh0Y8xaYM8Zi,Unknown,ما اسم هذه الأغنية؟,audio,images/songseng/Paint_The_Town_Red_Doja_Cat.mp3,images/songseng/Paint_The_Town_Red_Doja_Cat.mp3
ZUwZZUUlJCAWyMelKFjY,Unknown,خمن اسم الفيلم من المشهد؟,audio,https://drcqcbq3desis.cloudfront.net/audio/v68.mp4,v68.mp4
ZmaCcONSO9B1W0UNkOX2,Unknown,خمن اسم المسلسل من المقطع؟,video,https://drcqcbq3desis.cloudfront.net/video/v8.mp4,v8.mp4
ZsB9E4iidhsbAh5CLUxg,Unknown,خمن اسم الفيلم من المشهد؟,audio,https://drcqcbq3desis.cloudfront.net/audio/v75.mp4,v75.mp4
ZxKltpeFWJV16bYPd31p,Unknown,خمن اسم المسرحية من المقطع؟,video,https://drcqcbq3desis.cloudfront.net/video/v27.mp4,v27.mp4
aVt2YII8XRhYlZXTVsyi,Unknown,ما اسم هذه الأغنية؟,audio,images/songseng/Nothing_Else_Matters_Metallica.mp3,images/songseng/Nothing_Else_Matters_Metallica.mp3
aZNYFfayfJrQLNHaykP8,Unknown,خمن اسم الفيلم من المشهد؟,audio,https://drcqcbq3desis.cloudfront.net/audio/v72.mp4,v72.mp4
alT6lv6cI1yBRPWzFvcp,Unknown,من غنى هذه الأغنية؟,audio,images/songseng/Stronger_Kelly_Clarkson.mp3,images/songseng/Stronger_Kelly_Clarkson.mp3
aoOSDxOwYmGfCl8TcuTn,Unknown,خمن اسم المسلسل من المقطع؟,video,https://drcqcbq3desis.cloudfront.net/video/v68.mp4,v68.mp4
atRvlH1E1AqwUMA6MPVS,Unknown,في هذا المشهد من Breaking Bad ماذا قال الرجل؟,video,https://drcqcbq3desis.cloudfront.net/video/q1.mp4,q1.mp4
b071NofgUshIkikA0pCx,Unknown,خمن اسم المسرحية من المقطع؟,video,https://drcqcbq3desis.cloudfront.net/video/v85.mp4,v85.mp4
b5KU0z5dzRT23iypcCDJ,Unknown,من غنى هذه الأغنية؟,audio,images/songseng/Yeah!_Usher.mp3,images/songseng/Yeah!_Usher.mp3
bHTRwV8FZgTqOzvjCbPo,Unknown,خمن اسم المسرحية من المقطع؟,video,https://drcqcbq3desis.cloudfront.net/video/v22.mp4,v22.mp4
bMeMV48ecDON3pbrqZQZ,Unknown,ما اسم هذه الأغنية؟,audio,https://drcqcbq3desis.cloudfront.net/audio/q75.mp3,q75.mp3
bbPmvgv0pLkVNJRfUaZc,Unknown,من غنى هذه الأغنية؟,audio,images/songseng/we_can't_be_friends_Ariana_Grande.mp3,images/songseng/we_can't_be_friends_Ariana_Grande.mp3
bdUpvuNPcmXiEvwqTzBw,Unknown,ما اسم هذه الأغنية؟,audio,https://drcqcbq3desis.cloudfront.net/audio/q49.mp3,q49.mp3
bi3KjWvoRTir5CWuOJFT,Unknown,من غنى هذه الأغنية؟,audio,images/songseng/Could_You_Be_Loved_Bob_Marley.mp3,images/songseng/Could_You_Be_Loved_Bob_Marley.mp3
bsdEYtx9RCFUrPYcmHmN,Unknown,خمن اسم الفيلم من المشهد؟,audio,https://drcqcbq3desis.cloudfront.net/audio/v74.mp4,v74.mp4
c6uFdYAYu7sPahxSTSau,Unknown,من غنى هذه الأغنية؟,audio,https://drcqcbq3desis.cloudfront.net/audio/q77.mp3,q77.mp3
c71USNRZZdlJluPt1Ptl,Unknown,ما اسم هذه الأغنية؟,audio,https://drcqcbq3desis.cloudfront.net/audio/q68.mp3,q68.mp3
c7y6CH1JxpnYE5Eao5bN,Unknown,خمن اسم المسرحية من المقطع؟,video,https://drcqcbq3desis.cloudfront.net/video/v60.mp4,v60.mp4
cLox3iODeuB3XaWNtzI1,Unknown,خمن اسم المسرحية من المقطع؟,video,https://drcqcbq3desis.cloudfront.net/video/v25.mp4,v25.mp4
cfrgtsCZeAsnYpzJn4B2,Unknown,ما اسم هذه الأغنية؟,audio,https://drcqcbq3desis.cloudfront.net/audio/q25.mp3,q25.mp3
cjrs37O3uHizOlQTuxbx,Unknown,من أي مسلسل هذا المشهد ؟,video,https://drcqcbq3desis.cloudfront.net/video/q40.mp4,q40.mp4
cwXADywPu3OrUYTfStdH,Unknown,خمن اسم الفيلم من المشهد؟,audio,https://drcqcbq3desis.cloudfront.net/audio/v33.mp4,v33.mp4
dFrlk7atrBpiteszhieJ,Unknown,خمن اسم الفيلم من المشهد؟,audio,https://drcqcbq3desis.cloudfront.net/audio/v69.mp4,v69.mp4
dK9mIVUMOivvcXSDtcSv,Unknown,خمن اسم المسرحية من المقطع؟,video,https://drcqcbq3desis.cloudfront.net/video/v71.mp4,v71.mp4
dR09RVzgYWULp3HhSifA,Unknown,خمن اسم الفيلم من المشهد؟,audio,https://drcqcbq3desis.cloudfront.net/audio/v34.mp4,v34.mp4
dROwkQndCypmkIhGAhWz,Unknown,خمن اسم الفيلم من المشهد؟,audio,https://drcqcbq3desis.cloudfront.net/audio/v14.mp4,v14.mp4
dUw4s8x6IfyJy5rt3LaD,Unknown,ماذا حدث بعد هذا المشهد من فيلم Fast and Furious 6 ؟,video,https://drcqcbq3desis.cloudfront.net/video/q52.mp4,q52.mp4
djM2iectsWA0Ii1Z8fqo,Unknown,خمن اسم المسرحية من المقطع؟,video,https://drcqcbq3desis.cloudfront.net/video/v20.mp4,v20.mp4
dlCX6O7cZn2XXX4y79am,Unknown,خمن اسم الفيلم من المشهد؟,audio,https://drcqcbq3desis.cloudfront.net/audio/v21.mp4,v21.mp4
eCoJeMj4cecvq0BqSa7A,Unknown,هذا المشهد من أي مسلسل؟,video,https://drcqcbq3desis.cloudfront.net/video/q24.mp4,q24.mp4
eDQYAqSxfBOXjdhcasoZ,Unknown,خمن اسم المسرحية من المقطع؟,video,https://drcqcbq3desis.cloudfront.net/video/v30.mp4,v30.mp4
eEk5Yx03ojMIEZLBc0cs,Unknown,من أي مسلسل هذا الصوت؟,audio,https://drcqcbq3desis.cloudfront.net/audio/q35.mp3,q35.mp3
eEr3IPDTJyQO1HOoVOji,Unknown,من غنى هذه الأغنية؟,audio,images/songseng/Here_Comes_The_Sun_The_Beatles.mp3,images/songseng/Here_Comes_The_Sun_The_Beatles.mp3
eGMraUPOC8eJprkW95JA,Unknown,من غنى هذه الأغنية؟,audio,images/songseng/As_It_Was_Harry_Styles.mp3,images/songseng/As_It_Was_Harry_Styles.mp3
eME6YkM9fLoVVVxoF35j,Unknown,ما اسم هذه الأغنية؟,audio,https://drcqcbq3desis.cloudfront.net/audio/q90.mp3,q90.mp3
eSNcwbtPCSZoTZHBmddG,Unknown,ما اسم هذه الأغنية؟,audio,https://drcqcbq3desis.cloudfront.net/audio/q42.mp3,q42.mp3
eXKbG75lZsfjNwnKaLT0,Unknown,ما اسم هذه الأغنية؟,audio,https://drcqcbq3desis.cloudfront.net/audio/q76.mp3,q76.mp3
eeq6ulg5jU6FoafcvGD7,Unknown,ما اسم هذه الأغنية؟,audio,https://drcqcbq3desis.cloudfront.net/audio/q21.mp3,q21.mp3
eocNjbGAMmapERWyx5GG,Unknown,خمن اسم الفيلم من المشهد؟,audio,https://drcqcbq3desis.cloudfront.net/audio/v19.mp4,v19.mp4
eopmqMOz2bjpPv6ND7fm,Unknown,خمن اسم المسرحية من المقطع؟,video,https://drcqcbq3desis.cloudfront.net/video/v23.mp4,v23.mp4
eqMPjga8niKoVj1G6YBR,Unknown,ما اسم هذه الأغنية؟,audio,images/songseng/DAISIES_Justin_Bieber.mp3,images/songseng/DAISIES_Justin_Bieber.mp3
f6m64WLTLnKlRJKtv8Fx,Unknown,ما اسم هذه الأغنية؟,audio,images/songseng/Don't_Stop_Believin'_Journey.mp3,images/songseng/Don't_Stop_Believin'_Journey.mp3
f745ybiPCGXTy1PQtUoD,Unknown,ماذا تعني الجملة الشهيرة 'Winter is Coming' (الشتاء قادم)؟,video,https://drcqcbq3desis.cloudfront.net/video/1759918483183_li3qmlk0g1l.mp4,1759918483183_li3qmlk0g1l.mp4
fCJNpohrAc6LmBhDoVdr,Unknown,من غنى هذه الأغنية؟,audio,images/songseng/Uprising_Muse.mp3,images/songseng/Uprising_Muse.mp3
fFbjNgTS9cpaOGIAgu2D,Unknown,ما اسم هذه الأغنية؟,audio,images/songseng/God's_Plan_Drake.mp3,images/songseng/God's_Plan_Drake.mp3
fLnj24Kv3SkMgouJxDwE,Unknown,ما اسم هذه الأغنية؟,audio,images/songseng/rockstar_Post_Malone.mp3,images/songseng/rockstar_Post_Malone.mp3
fLqCmUyD44LqGdlOSGYH,Unknown,خمن اسم المسلسل من المقطع؟,video,https://drcqcbq3desis.cloudfront.net/video/v76.mp4,v76.mp4
fPcbJTOs7wLjqNFMdLU2,Unknown,ما اسم هذه الأغنية؟,audio,images/songseng/The_Chain_Fleetwood_Mac.mp3,images/songseng/The_Chain_Fleetwood_Mac.mp3
fanR6cu6urEAmUim1flj,Unknown,ما اسم هذه الأغنية؟,audio,https://drcqcbq3desis.cloudfront.net/audio/q26.mp3,q26.mp3
ffX7brL90evptfc10kNb,Unknown,خمن اسم الفيلم من المشهد؟,audio,https://drcqcbq3desis.cloudfront.net/audio/v62.mp4,v62.mp4
ftZIEQQjnSmc5fyrKbaU,Unknown,خمن اسم الفيلم من المشهد؟,audio,https://drcqcbq3desis.cloudfront.net/audio/v8.mp4,v8.mp4
gZ4dK7TvZ4SPYNyCh0MU,Unknown,ما اسم هذه الأغنية؟,audio,https://drcqcbq3desis.cloudfront.net/audio/q81.mp3,q81.mp3
gZxejHwETfxfdbVdRd8p,Unknown,"من الشخصية التي قالت: “When you’re lost in the darkness, look for the light.” ؟",video,https://drcqcbq3desis.cloudfront.net/video/1759413558675_fewed8kabc5.mp4,1759413558675_fewed8kabc5.mp4
gbq5JzbdieDwSFrmjFp1,Unknown,خمن اسم الفيلم من المشهد؟,audio,https://drcqcbq3desis.cloudfront.net/audio/v18.mp4,v18.mp4
gnLEMSv3yxtSN31ulSkF,Unknown,ما اسم هذه الأغنية؟,audio,images/songseng/Stairway_to_Heaven_Led_Zeppelin.mp3,images/songseng/Stairway_to_Heaven_Led_Zeppelin.mp3
goFSatp3HfgIGSq2t3X9,Unknown,ما اسم هذه الأغنية؟,audio,https://drcqcbq3desis.cloudfront.net/audio/q79.mp3,q79.mp3
grPuXljyCkqZ9OSdIZNH,Unknown,خمن اسم المسلسل من المقطع؟,video,https://drcqcbq3desis.cloudfront.net/video/v35.mp4,v35.mp4
hN3SuSDYozLmttpbubLo,Unknown,ما اسم هذه الأغنية من موسيقاها؟,audio,https://drcqcbq3desis.cloudfront.net/audio/q12.mp3,q12.mp3
hY5VU635kBT3dKwNMx5m,Unknown,ما اسم هذه الأغنية؟,audio,https://drcqcbq3desis.cloudfront.net/audio/q46.mp3,q46.mp3
hZNSrKiHd18kUg08RVTd,Unknown,خمن اسم المسرحية من المقطع؟,video,https://drcqcbq3desis.cloudfront.net/video/v21.mp4,v21.mp4
hjndIN1ij3PIvLLKPyp1,Unknown,في مسلسل Chernobyl ما سبب انفجار المفاعل النووي ؟,video,https://drcqcbq3desis.cloudfront.net/video/q26.mp4,q26.mp4
hpvyVkZtfplVtgY4VDtf,Unknown,خمن اسم الفيلم من المشهد؟,audio,https://drcqcbq3desis.cloudfront.net/audio/v32.mp4,v32.mp4
i0dKignaiJXSXVL1vPQ8,Unknown,ما اسم هذه الأغنية؟,audio,https://drcqcbq3desis.cloudfront.net/audio/q48.mp3,q48.mp3
i2YlJ23nJbpXsMoik0NU,Unknown,ما اسم هذه الأغنية؟,audio,https://drcqcbq3desis.cloudfront.net/audio/q43.mp3,q43.mp3
iXuyWIpt0hZ3RPjlG2pO,Unknown,في أي لعبة هذا المشهد؟,video,https://drcqcbq3desis.cloudfront.net/video/1759413105022_u7xgd74l2jr.mp4,1759413105022_u7xgd74l2jr.mp4
im6wr40i7M9UApHZ7I2p,Unknown,خمن اسم المسرحية من المقطع؟,video,https://drcqcbq3desis.cloudfront.net/video/v17.mp4,v17.mp4
iqyzwOmOnsLRIN6rZNzD,Unknown,ما اسم هذه الأغنية؟,audio,https://drcqcbq3desis.cloudfront.net/audio/q41.mp3,q41.mp3
izmJrCjn5UgKrEHtTsAC,Unknown,"من الشخصية التي قالت هذه الجملة؟ (""We are the Fireflies!"")",video,https://drcqcbq3desis.cloudfront.net/video/1759413544589_xif0edczq1g.mp4,1759413544589_xif0edczq1g.mp4
j40Chxs3dtZXrcbb6KQs,Unknown,خمن اسم المسرحية من المقطع؟,video,https://drcqcbq3desis.cloudfront.net/video/v57.mp4,v57.mp4
j5J0mlb5S1kmhZ6B2M4d,Unknown,من أي فيلم هذا المشهد ؟,video,https://drcqcbq3desis.cloudfront.net/video/q57.webm,q57.webm
j65yk7BbOT7amcCdjDKP,Unknown,ما اسم هذه الأغنية؟,audio,https://drcqcbq3desis.cloudfront.net/audio/q11.mp3,q11.mp3
jdUuuNkISUX4cWJgwDip,Unknown,من غنى هذه الأغنية؟,audio,https://drcqcbq3desis.cloudfront.net/audio/q38.mp3,q38.mp3
jsd00RRdp20gwXuCayTp,Unknown,خمن اسم المسلسل من المقطع؟,video,https://drcqcbq3desis.cloudfront.net/video/v31.mp4,v31.mp4
k0yjP4DedxqoFHnqq4KJ,Unknown,من غنى هذه الأغنية؟,audio,https://drcqcbq3desis.cloudfront.net/audio/q35.mp3,q35.mp3
k1jO7wCHbGeMpamhSAc1,Unknown,ما اسم هذه الأغنية؟,audio,images/songseng/Paranoid_Black_Sabbath.mp3,images/songseng/Paranoid_Black_Sabbath.mp3
k2lByFdL3ujgBt3AsRCg,Unknown,ما اسم هذه الأغنية؟,audio,images/songseng/Welcome_to_the_Black_Parade_My_Chemical_Romance.mp3,images/songseng/Welcome_to_the_Black_Parade_My_Chemical_Romance.mp3
kNzfdlOBMidftl08jQfQ,Unknown,خمن اسم المسرحية من المقطع؟,video,https://drcqcbq3desis.cloudfront.net/video/v87.mp4,v87.mp4
kdtD0Xzd4DchLHP7t9pk,Unknown,ما اسم هذه الأغنية؟,audio,images/songseng/Blessings_Calvin_Harris.mp3,images/songseng/Blessings_Calvin_Harris.mp3
kfDBE8vZiPBa8jw5bIOy,Unknown,من أي مسلسل هذا المشهد ؟,video,https://drcqcbq3desis.cloudfront.net/video/q85.mp4,q85.mp4
kiUMhSFv7Ro0YOA35igy,Unknown,خمن اسم المسلسل من المقطع؟,video,https://drcqcbq3desis.cloudfront.net/video/v63.mp4,v63.mp4
lAVdf0ihGOHaiOJ4p84t,Unknown,خمن اسم المسلسل من المقطع؟,video,https://drcqcbq3desis.cloudfront.net/video/v4.mp4,v4.mp4
lN2eIoAneYFVv1at3uV2,Unknown,من غنى هذه الأغنية؟,audio,https://drcqcbq3desis.cloudfront.net/audio/q36.mp3,q36.mp3
lQlhIMKW4Bkt72unbBMD,Unknown,من أي مسلسل هذا الصوت؟,audio,https://drcqcbq3desis.cloudfront.net/audio/q4.mp3,q4.mp3
lRnMtpT2hE5djNuGDBBq,Unknown,خمن اسم الفيلم من المشهد؟,audio,https://drcqcbq3desis.cloudfront.net/audio/v65.mp4,v65.mp4
lXY8QzjrEnWQ89npbqfX,Unknown,خمن اسم المسلسل من المقطع؟,video,https://drcqcbq3desis.cloudfront.net/video/v32.mp4,v32.mp4
lniCwJdQfTkQHf6lxmdU,Unknown,من غنى هذه الأغنية من موسيقاها؟,audio,https://drcqcbq3desis.cloudfront.net/audio/q83.mp3,q83.mp3
lpuHnLvuj8xj24BKz2VA,Unknown,من غنى هذه الأغنية؟,audio,images/songseng/Finally_Alicia_Keys.mp3,images/songseng/Finally_Alicia_Keys.mp3
m1im3miGfVnnq3YMegkX,Unknown,خمن اسم الفيلم من المشهد؟,audio,https://drcqcbq3desis.cloudfront.net/audio/v9.mp4,v9.mp4
mPAQ7iE83CLPeM6CnnSY,Unknown,خمن اسم المسرحية من المقطع؟,video,https://drcqcbq3desis.cloudfront.net/video/v84.mp4,v84.mp4
mPxZe5cIrAmo4kbUKqf2,Unknown,من غنى هذه الأغنية؟,audio,images/songseng/Basket_Case_Green_Day.mp3,images/songseng/Basket_Case_Green_Day.mp3
mQNlx55GVeC1I611e0eg,Unknown,ما اسم هذه الأغنية؟,audio,images/songseng/vampire_Olivia_Rodrigo.mp3,images/songseng/vampire_Olivia_Rodrigo.mp3
mRokkqvUahMRxRn4Wdlo,Unknown,ماذا يحدث بعد هذا المشهد من مسلسل Money Heist ؟,video,https://drcqcbq3desis.cloudfront.net/video/q33.mp4,q33.mp4
myu7eKt789ArfdYUmkka,Unknown,خمن اسم المسرحية من المقطع؟,video,https://drcqcbq3desis.cloudfront.net/video/v88.mp4,v88.mp4
n1EARhvCNv7aHQFyv98t,Unknown,ما اسم هذه الأغنية؟,audio,https://drcqcbq3desis.cloudfront.net/audio/q82.mp3,q82.mp3
nC858Mc1zGg6lluo03OV,Unknown,خمن اسم الفيلم من المشهد؟,audio,https://drcqcbq3desis.cloudfront.net/audio/v71.mp4,v71.mp4
nS7qzuIfwj5kCt5EJxPU,Unknown,ما اسم هذه الأغنية؟,audio,https://drcqcbq3desis.cloudfront.net/audio/q28.mp3,q28.mp3
nTeYvQ39j51MKn0M7ovN,Unknown,من أي مسلسل هذا الصوت؟,audio,https://drcqcbq3desis.cloudfront.net/audio/q61.mp3,q61.mp3
nlwtCDOPAJNFCumqwJkG,Unknown,خمن اسم المسرحية من المقطع؟,video,https://drcqcbq3desis.cloudfront.net/video/v56.mp4,v56.mp4
o9IZfTXxn3rxsBQsc1ir,Unknown,ما اسم هذه الأغنية؟,audio,images/songseng/There's_Nothing_Holdin'_Me_Back_Shawn_Mendes.mp3,images/songseng/There's_Nothing_Holdin'_Me_Back_Shawn_Mendes.mp3
o9xgM7Q4QsAhyWAIFhMk,Unknown,خمن اسم الفيلم من المشهد؟,audio,https://drcqcbq3desis.cloudfront.net/audio/v38.mp4,v38.mp4
oDW2lhvDNWVnr6KInB45,Unknown,خمن اسم المسلسل من المقطع؟,video,https://drcqcbq3desis.cloudfront.net/video/v3.mp4,v3.mp4
oLsZNXcrzEMjBWBAScFt,Unknown,ماذا حدث بعد هذا المشهد في فيلم Scarface؟,video,https://drcqcbq3desis.cloudfront.net/video/q14.webm,q14.webm
oT8326zz0Kzw35JOXwCs,Unknown,خمن اسم المسرحية من المقطع؟,video,https://drcqcbq3desis.cloudfront.net/video/v46.mp4,v46.mp4
oZNuMEJ94PQgn9sRjvr8,Unknown,من غنى هذه الأغنية؟,audio,images/songseng/BIRDS_OF_A_FEATHER_Billie_Eilish.mp3,images/songseng/BIRDS_OF_A_FEATHER_Billie_Eilish.mp3
obr4BYmUusEXxAuSyuR8,Unknown,خمن اسم الفيلم من المشهد؟,audio,https://drcqcbq3desis.cloudfront.net/audio/v2.mp4,v2.mp4
oj1sKe1JoLHpRV86CnBD,Unknown,من أي فيلم هذه المشهد ؟,video,https://drcqcbq3desis.cloudfront.net/video/q18.mp4,q18.mp4
oqcJutM32sRFxcNrZ8It,Unknown,ما اسم هذه الأغنية؟,audio,images/songseng/Take_Me_Out_Franz_Ferdinand.mp3,images/songseng/Take_Me_Out_Franz_Ferdinand.mp3
ouLW6YNIyLZhDXf3HEGw,Unknown,من غنى هذه الأغنية؟,audio,https://drcqcbq3desis.cloudfront.net/audio/q5.mp3,q5.mp3
oyvUzeK1HDwPsPtWDx5F,Unknown,ماذا حدث بعد هذا المشهد من فيلم The Godfather ؟,video,https://drcqcbq3desis.cloudfront.net/video/q64.mp4,q64.mp4
p85XWXJAC35RvLBHs8FA,Unknown,من غنى هذه الأغنية؟,audio,images/songseng/With_Or_Without_You_U2.mp3,images/songseng/With_Or_Without_You_U2.mp3
pDy1d1MAnzrLmg5GyAZo,Unknown,من غنى هذه الأغنية؟,audio,images/songseng/Nightcall_Phoenix.mp3,images/songseng/Nightcall_Phoenix.mp3
pS1VXyfEIAodiUsRBWxB,Unknown,من غنى هذه الأغنية؟,audio,https://drcqcbq3desis.cloudfront.net/audio/q32.mp3,q32.mp3
pUdMWhKSqz4MDF74ZJlj,Unknown,خمن اسم الفيلم من المشهد؟,audio,https://drcqcbq3desis.cloudfront.net/audio/v42.mp4,v42.mp4
pVLfPhuTNxKgfyN1hcoR,Unknown,من غنى هذه الأغنية؟,audio,https://drcqcbq3desis.cloudfront.net/audio/q71.mp3,q71.mp3
pdMmZpdDgxgHQy9Ev75G,Unknown,من غنى هذه الأغنية؟,audio,https://drcqcbq3desis.cloudfront.net/audio/q2.mp3,q2.mp3
pghrsuDmVYFXK3c4MxHO,Unknown,ماذا كان اسم البطل الحقيقي في Gladiator؟,video,https://drcqcbq3desis.cloudfront.net/video/q10.mp4,q10.mp4
ps4Yb3CEg26vAUAn7R3P,Unknown,خمن اسم المسرحية من المقطع؟,video,https://drcqcbq3desis.cloudfront.net/video/v51.mp4,v51.mp4
pwWJwe7Qlaja0lUvMmLK,Unknown,ما اسم هذه الأغنية؟,audio,https://drcqcbq3desis.cloudfront.net/audio/q19.mp3,q19.mp3
pxoBO7owcnPQCNZyEnuV,Unknown,خمن اسم الفيلم من المشهد؟,audio,https://drcqcbq3desis.cloudfront.net/audio/v36.mp4,v36.mp4
q3ZstOVhOGv7DOjh0gOY,Unknown,من أي مسلسل هذا الصوت؟,audio,https://drcqcbq3desis.cloudfront.net/audio/1763339466992_xv6mkdx2yxd.mp3,1763339466992_xv6mkdx2yxd.mp3
qCDb7PiK2iy682Jun1Q1,Unknown,خمن اسم المسلسل من المقطع؟,video,https://drcqcbq3desis.cloudfront.net/video/v9.mp4,v9.mp4
qrLcRx135DQM6iW1PNe4,Unknown,خمن اسم المسلسل من المقطع؟,video,https://drcqcbq3desis.cloudfront.net/video/v81.mp4,v81.mp4
rC7AlfTRkunBVjwLgrWp,Unknown,في مسلسل Breaking Bad لماذا يبدأ والتر وايت بصناعة الميث؟,video,https://drcqcbq3desis.cloudfront.net/video/q27.webm,q27.webm
rRNbsLB7F1KgPWo3EHTt,Unknown,خمن اسم المسرحية من المقطع؟,video,https://drcqcbq3desis.cloudfront.net/video/v72.mp4,v72.mp4
rWDOBPDFelTS6UcKtJdu,Unknown,ما اسم هذه الأغنية؟,audio,https://drcqcbq3desis.cloudfront.net/audio/q30.mp3,q30.mp3
rsKnH072YLPqOdxAKffq,Unknown,خمن اسم الفيلم من المشهد؟,audio,https://drcqcbq3desis.cloudfront.net/audio/v49.mp4,v49.mp4
rvrAxhRXS31buZRZTkEz,Unknown,خمن اسم المسرحية من المقطع؟,video,https://drcqcbq3desis.cloudfront.net/video/v19.mp4,v19.mp4
rxE0SSEAC0lgCVSL5rni,Unknown,ما اسم هذه الأغنية؟,audio,https://drcqcbq3desis.cloudfront.net/audio/q9.mp3,q9.mp3
s0wUEHo8ZCfxl1XpsRfD,Unknown,خمن اسم الفيلم من المشهد؟,audio,https://drcqcbq3desis.cloudfront.net/audio/v10.mp4,v10.mp4
sKwom5Q65WuWzgNtRB4Z,Unknown,من غنى هذه الأغنية؟,audio,https://drcqcbq3desis.cloudfront.net/audio/q37.mp3,q37.mp3
sQSRuEz3WHp54fFUoSA7,Unknown,خمن اسم الفيلم من المشهد؟,audio,https://drcqcbq3desis.cloudfront.net/audio/v5.mp4,v5.mp4
sVt2knmVKv31p659rDhJ,Unknown,من غنى هذه الأغنية من موسيقاها؟,audio,https://drcqcbq3desis.cloudfront.net/audio/q64.mp3,q64.mp3
sbAO4c1YiA1wgzJvhA58,Unknown,من أي مسلسل هذا الصوت؟,audio,https://drcqcbq3desis.cloudfront.net/audio/q39.mp3,q39.mp3
sqw19KBfIqBniH8c8QvH,Unknown,من أي فيلم هذا المشهد ؟,video,https://drcqcbq3desis.cloudfront.net/video/q76.webm,q76.webm
srFm70emVMhXPTudAmys,Unknown,ما اسم هذه الأغنية؟,audio,https://drcqcbq3desis.cloudfront.net/audio/q55.mp3,q55.mp3
suSXZCQsuLIFRj3iPrvZ,Unknown,من أي مسلسل هذا المشهد ؟,video,https://drcqcbq3desis.cloudfront.net/video/q47.mp4,q47.mp4
syd4yIZGLHUeaO8Fowu5,Unknown,ما اسم هذه الأغنية؟,audio,https://drcqcbq3desis.cloudfront.net/audio/q58.mp3,q58.mp3
syyraHYRLo9cTmjrillu,Unknown,خمن اسم المسلسل من المقطع؟,video,https://drcqcbq3desis.cloudfront.net/video/v75.mp4,v75.mp4
t9wJSe4RlrFsoSNy1YEX,Unknown,من أي مسلسل هذا المشهد ؟,video,https://drcqcbq3desis.cloudfront.net/video/q30.mp4,q30.mp4
tC4CjRNEFKm1DX28Atgs,Unknown,من أي مسلسل هذا الصوت؟,audio,https://drcqcbq3desis.cloudfront.net/audio/q64.mp3,q64.mp3
tE2SfGANlUBleAXjgK7y,Unknown,خمن اسم المسرحية من المقطع؟,video,https://drcqcbq3desis.cloudfront.net/video/v18.mp4,v18.mp4
tRRJoG51nM3xT3LHc0Wx,Unknown,خمن اسم الفيلم من المشهد؟,audio,https://drcqcbq3desis.cloudfront.net/audio/v64.mp4,v64.mp4
tSUqGmNZGD0tQZbDrTDw,Unknown,خمن اسم المسلسل من المقطع؟,video,https://drcqcbq3desis.cloudfront.net/video/v11.mp4,v11.mp4
tVbn5pwVWIxCkyn6i6KX,Unknown,ما اسم هذه الأغنية؟,audio,https://drcqcbq3desis.cloudfront.net/audio/q86.mp3,q86.mp3
tbFb5SzM8u9bfWA3wLLI,Unknown,ما اسم هذه الأغنية؟,audio,https://drcqcbq3desis.cloudfront.net/audio/q53.mp3,q53.mp3
tjEeeYJjjKrsYZnwbhci,Unknown,من غنى هذه الأغنية؟,audio,images/songseng/I_Know_What_You_Want_Mariah_Carey.mp3,images/songseng/I_Know_What_You_Want_Mariah_Carey.mp3
tlSSQufxdsR6JVBeSbu7,Unknown,من غنى هذه الأغنية؟,audio,images/songseng/The_Adults_Are_Talking_The_Strokes.mp3,images/songseng/The_Adults_Are_Talking_The_Strokes.mp3
txwpKRUKU04X99x7IvU9,Unknown,في اي جزء قال ليون هذة الجملة؟,audio,/images/questions/residentevil/audio/re_oq1.mp3.mp3,/images/questions/residentevil/audio/re_oq1.mp3.mp3
u8VemJ0wY6P2Zf3XNZUS,Unknown,خمن اسم الفيلم من المشهد؟,audio,https://drcqcbq3desis.cloudfront.net/audio/v45.mp4,v45.mp4
uc0FXWgWxZFrTjWkt8g3,Unknown,ما اسم هذه الأغنية؟,audio,images/songseng/Kiss_Prince.mp3,images/songseng/Kiss_Prince.mp3
uf2KA3rG2mEDPcD5HCoi,Unknown,ما اسم هذه الأغنية؟,audio,https://drcqcbq3desis.cloudfront.net/audio/q54.mp3,q54.mp3
uj5E7Yo7eIjph5wxVer3,Unknown,من أي فيلم هذا المشهد ؟,video,https://drcqcbq3desis.cloudfront.net/video/q89.mp4,q89.mp4
uq844yjqUTUDmXUFEWFL,Unknown,من غنى هذه الأغنية؟,audio,images/songseng/Our_Time_Martin_Garrix.mp3,images/songseng/Our_Time_Martin_Garrix.mp3
v065XD2LBPF6XVAXppAH,Unknown,من أي فيلم هذا المشهد ؟,video,https://drcqcbq3desis.cloudfront.net/video/q79.mp4,q79.mp4
v06EHACieWLObXHleSt1,Unknown,من غنى هذه الأغنية؟,audio,images/songseng/Starman_David_Bowie.mp3,images/songseng/Starman_David_Bowie.mp3
v3k0icWF84Z4yXjXgF4Q,Unknown,ما اسم هذه الأغنية؟,audio,images/songseng/Shake_It_Off_Taylor_Swift.mp3,images/songseng/Shake_It_Off_Taylor_Swift.mp3
v8fCl5BM1lSCAZSYJOwP,Unknown,من غنى هذه الأغنية؟,audio,images/songseng/Pumped_Up_Kicks_Foster_the_People.mp3,images/songseng/Pumped_Up_Kicks_Foster_the_People.mp3
vAjSc7VbAGujDNSiMHA5,Unknown,من قال هذه الجملة ساخراً من سالازار؟,audio,/images/questions/residentevil/audio/re_oq3.mp3.mp3,/images/questions/residentevil/audio/re_oq3.mp3.mp3
vIS17pcuI3qSgNk6gmIJ,Unknown,من غنى هذه الأغنية من موسيقاها؟ا؟,audio,https://drcqcbq3desis.cloudfront.net/audio/q15.mp3,q15.mp3
vO2AlvCJF1CTxCdNshcO,Unknown,ما اسم هذه الأغنية؟,audio,https://drcqcbq3desis.cloudfront.net/audio/q18.mp3,q18.mp3
vTvCgQe3uRk0Q3jCvvIC,Unknown,خمن اسم المسلسل من المقطع؟,video,https://drcqcbq3desis.cloudfront.net/video/v70.mp4,v70.mp4
veEI1mh0o6a3fLfZ6Yu2,Unknown,ما اسم هذه الأغنية؟,audio,https://drcqcbq3desis.cloudfront.net/audio/q29.mp3,q29.mp3
vnyCLuCiOmMHjOb93wtl,Unknown,من أي فيلم هذا المشهد ؟,video,https://drcqcbq3desis.cloudfront.net/video/q80.mp4,q80.mp4
w51LESt44aHGCRpOv0HU,Unknown,ماذا يحدث بعد هذا المشهد في مسلسل Stranger Things ؟,video,https://drcqcbq3desis.cloudfront.net/video/q20.mp4,q20.mp4
wGBjf1oB9QW4QChDZLo8,Unknown,ما اسم هذه الأغنية؟,audio,https://drcqcbq3desis.cloudfront.net/audio/q24.mp3,q24.mp3
wbXjsVfBKVKgWaoF8ybM,Unknown,خمن اسم المسرحية من المقطع؟,video,https://drcqcbq3desis.cloudfront.net/video/v90.mp4,v90.mp4
wfKNcLa2m1mnDrLFdRI5,Unknown,ماذا حدث بعد هذا المشهد من مسلسل The Walking Dead ؟,video,https://drcqcbq3desis.cloudfront.net/video/q53.webm,q53.webm
wnwSuQnmUhqmM4YcE5pL,Unknown,ما اسم هذه الأغنية؟,audio,images/songseng/Rolling_in_the_Deep_Adele.mp3,images/songseng/Rolling_in_the_Deep_Adele.mp3
xQftg4fiqOGOX0XdCENF,Unknown,ما اسم هذه الأغنية؟,audio,images/songseng/Something_Just_Like_This_The_Chainsmokers.mp3,images/songseng/Something_Just_Like_This_The_Chainsmokers.mp3
xTz7wfsDvw6FQj0nlc46,Unknown,ماذا سيحدث بعد هذا المشهد؟,video,https://drcqcbq3desis.cloudfront.net/video/q25.webm,q25.webm
xe7Hkce36DwgYvxLQktf,Unknown,خمن اسم الفيلم من المشهد؟,audio,https://drcqcbq3desis.cloudfront.net/audio/v63.mp4,v63.mp4
y1buim55cYl2DtNAFzQY,Unknown,ما اسم هذه الأغنية؟,audio,https://drcqcbq3desis.cloudfront.net/audio/q85.mp3,q85.mp3
y36TCH1Je64uQYXJ4lb3,Unknown,ماذا يحدث بعد هذا المشهد في فيلم John Wick 2 ؟,video,https://drcqcbq3desis.cloudfront.net/video/q16.mp4,q16.mp4
yBCTqKUyrQRfnYUXvS96,Unknown,خمن اسم الفيلم من المشهد؟,audio,https://drcqcbq3desis.cloudfront.net/audio/v39.mp4,v39.mp4
yC092HyFi44JOb26CQdr,Unknown,من غنى هذه الأغنية؟,audio,https://drcqcbq3desis.cloudfront.net/audio/q33.mp3,q33.mp3
ySyXX8cLQ7xpUUiLR7f9,Unknown,في اي انمي هذا المشهد؟,video,https://drcqcbq3desis.cloudfront.net/video/ani_qv39.webm,ani_qv39.webm
yTWOnyfIlgDIrXJUzG96,Unknown,خمن اسم الفيلم من المشهد؟,audio,https://drcqcbq3desis.cloudfront.net/audio/v35.mp4,v35.mp4
yaMsqiNwxbAP0ejKLIxR,Unknown,من غنى هذه الأغنية؟,audio,images/songseng/Sex_on_Fire_Kings_of_Leon.mp3,images/songseng/Sex_on_Fire_Kings_of_Leon.mp3
yezDsGoI9CdyUfN4s1bT,Unknown,من أي مسلسل هذا الصوت؟,audio,https://drcqcbq3desis.cloudfront.net/audio/q12.mp3,q12.mp3
yixbWNPKuRUgFAwffHps,Unknown,خمن اسم المسرحية من المقطع؟,video,https://drcqcbq3desis.cloudfront.net/video/v29.mp4,v29.mp4
yxsZmZMRkgzqmt9bbLOK,Unknown,خمن اسم المسلسل من المقطع؟,video,https://drcqcbq3desis.cloudfront.net/video/v5.mp4,v5.mp4
yytw3LMuYEH07kATjwLt,Unknown,خمن اسم الفيلم من المشهد؟,audio,https://drcqcbq3desis.cloudfront.net/audio/v12.mp4,v12.mp4
zHUOpo5toXX1ZbwHPncq,Unknown,ما اسم هذه الأغنية؟,audio,images/songseng/Start_Me_Up_The_Rolling_Stones.mp3,images/songseng/Start_Me_Up_The_Rolling_Stones.mp3
zWaQg5r2qahcHC70As86,Unknown,ماذا حدث بعد هذا المشهد من مسلسل Breaking Bad ؟,video,https://drcqcbq3desis.cloudfront.net/video/q49.mp4,q49.mp4
zaG8saHlVMWkOknGtJZF,Unknown,ماذا حدث بعد هذا المشهد من فيلم Spider-Man: Far From Home ؟,video,https://drcqcbq3desis.cloudfront.net/video/q44.mp4,q44.mp4
zeyu44EBGVkMeyYq0hCi,Unknown,من أي مسلسل هذا المشهد ؟,video,https://drcqcbq3desis.cloudfront.net/video/q81.mp4,q81.mp4
zimkqPgwyBoKYWFdqvkb,Unknown,خمن اسم المسرحية من المقطع؟,video,https://drcqcbq3desis.cloudfront.net/video/v26.mp4,v26.mp4